﻿<?xml version="1.0" encoding="utf-8" ?>
<CERTIFICATES>
  <CERTIFICATE>
    <VENDOR>3D Robotics</VENDOR>
    <PUBLICKEY>
      MIGfMA0GCSqGSIb3DQEBAQUAA4GNADCBiQKBgQDqi8E6EdZ11iE7nAc95bjdUTwd
      /gLetSAAx8X9jgjInz5j47DIcDqFVFKEFZWiAc3AxJE/fNrPQey16SfI0FyDAX/U
      4jyGIv9w+M1dKgUPI8UdpEMS2w1YnfzW0GO3PX0SBL6pctEIdXr0NGsFFaqU9Yz4
      DbgBdR6wBz9qdfRRoQIDAQAB
    </PUBLICKEY>
  </CERTIFICATE>
  <CERTIFICATE>
    <VENDOR>3D Robotics 2</VENDOR>
    <PUBLICKEY>
      MIGfMA0GCSqGSIb3DQEBAQUAA4GNADCBiQKBgQCei8vGvc+jPXfbAAUkiu7o9fiQ
      hQ6/xdJcrmsJqa2/Onf4xDk6mMoZaNXNaNsEmE/xdeYgLqbPoivCba7A0YiGzonp
      OiEZlfUKJPzXvGSNrKbIDsOrvhPQpFwBEU+hO5usHoWCO5VzN5+wKTpGVZ300ny4
      NHbIGjZUF/RUz84lVwIDAQAB
    </PUBLICKEY>
  </CERTIFICATE>
</CERTIFICATES>